{"intents": [
  {"tag": "greetings",
  "patterns": ["hello","hey","hi","good day","Greetings","what's up?","how is it going?"],
  "responses": ["Hello!","Hey!","What can I do for you?"]
  },

  {"tag": "name",
  "patterns": ["what is your name","name","what's your name","who are you","what should I call you"],
  "responses": ["You can call me PAAM","I'm PAAM","I'm PAAM your virtual assistant"]
  },

  {"tag": "courses",
  "patterns": ["what courses are available", "how many courses are there in this college"],
  "responses": ["you can find couse related information here - https://vitbhopal.ac.in/programmes-offered"]
  },

   {"tag": "courseDuration",
  "patterns": ["how long will be BTech course", "how long will it take to complete Mtech or intMtech course"],
  "responses": ["For this you can reach out here - https://vitbhopal.ac.in/programmes-offered/"]
  },

   {"tag": "Location",
  "patterns": ["location","where is it located","what is the location of the college"],
  "responses": ["VIT Bhopal University is a private university in Kothri Kalan in Sehore district, Madhya Pradesh, India. It was established by the Vellore Institute of Technology."]
  },

  {"tag": "semesters",
  "patterns": ["how many semesters are there in a year","how many semesters one should study in a year"],
  "responses": ["there are two semesters in a year."]
  },

  {"tag": "semDuration",
  "patterns": ["how many months are there in a semester","how long will be a single semester"],
  "responses": ["The single semester will be around 4 months."]
  },

  {"tag": "studentRequirements",
  "patterns": ["what are the student requirements for admission","entry requirements","admission requirements"],
  "responses": ["You can find admission requirements related information here - https://vitbhopal.ac.in/admissions2021/"]
  },

  {"tag": "classes",
  "patterns": ["how many classes will be there in a day","how long are the classes?"],
  "responses": ["There may be 1-4 classes per day, depending on the scehdule that you make. Each class will be of 1 hour and 30 minutes."]
  },

  {"tag": "teachingStyle",
  "patterns": ["what is the teaching style of this college?","Is the teaching pattern different from other college?","what is the teaching format?"],
  "responses": [" We use CALTech collabrotive Active Learning Technology - For more info https://vitbhopal.ac.in/caltech-vit/"]
  },

  {"tag": "exams",
  "patterns": ["what are the exams like?","What is the exam pattern"],
  "responses": ["There are assignments which carry more weight than your written exams. The assignments have deadlines which you should not exceed if you want to get better marks."]
  },

  {"tag": "hours",
  "patterns": ["what are your hours","when are you guys open","what your hours of operation"],
  "responses": ["You can message us here at any hours. But our college premises will be open from 8:30 am to 7:30 pm only."]
  },

  {"tag": "funActivities",
  "patterns": ["will there be any extra curriculum activities?","does the college conducts any fun program"],
  "responses": ["Yes, Of course. Our college not only provides excellent education but also encourage students to take part in different curriculum activities. The college conducts yearly programs like Sports meet, Carnival, Holi festival, and Christmas. \n Also our college has basketball court, badminton court, table tennis, chess, carrom board and many more refreshment zones."]
  },

  {"tag": "facilities",
  "patterns": ["what facilities are provided by the college?","what are the facilities of college for students", "what are the college infrastructures "],
  "responses": ["With excellent education facilities, Our College provides various other facilities like 24 hours internet, library, classes with AC, discusson room, canteen, parking space, and student service for any students queries."]
  },

  {"tag": "fee",
  "patterns": ["how much is the college fee","what is the fee structure"],
  "responses": ["You can find couse related information here - https://vitbhopal.ac.in/programme-fee-structure/"]
  },

  {"tag": "goodbye",
  "patterns": ["cya","See you later","Goodbye","I am leaving","Have a Good Day","bye","see ya"],
  "responses": ["Sad to see you go :(","Talk you later","Goodbye"]
  },

  {"tag": "invalid",
    "patterns": ["","gvsd","asbhk"],
    "responses": ["Sorry, can't understand you", "Please give me more info", "Not sure I understand"]
  },

  {"tag": "thanks",
    "patterns": ["Thanks", "Thank you", "That's helpful", "Awesome, thanks", "Thanks for helping me"],
    "responses": ["Happy to help!", "Any time!", "My pleasure"]
  },
  {"tag": "faculties",
    "patterns": ["how many faculties vit has?", "how many faculties vit have?", "how vit's faculties are?"],
    "responses": ["You can check it out here : https://vitbhopal.ac.in/faculty/"]
  }
]}